# PLACEHOLDER DATA: example activation ideas. Edit, add or remove rows freely. Each category needs at least 2 rows. The pitch uses up to 3 per category.
# Write each idea in the second person, addressed to the brand (for example "VIP hospitality hosted in your name"), because the pitch is read by the brand.
category,activation
luxury_watches,Become the official timekeeper with your name on the scoreboard clocks
luxury_watches,VIP hospitality hosted in your name
luxury_watches,Present the trophy with a limited-edition watch created for the event
luxury_jewellery,Be the official partner of the champions' trophy ceremony
luxury_jewellery,VIP hospitality with a bespoke gifting experience for your guests
luxury_jewellery,Launch a limited-edition collection tied to the event
financial_services,Be the official banking partner with a hospitality programme for your clients
financial_services,Host business networking events for your clients during the event
financial_services,Create a market-insight content series with us under your brand
student_services,Launch on campus with events and fresher-week activations
student_services,Put your logo on the team kit
student_services,Offer students exclusive ticket and membership deals
sportswear,Be the official kit and apparel supplier
sportswear,Run training sessions and coaching clinics under your brand
sportswear,Launch a limited-edition capsule collection
sports_equipment,Be the official ball and racket supplier
sports_equipment,A fan demo court where visitors try your equipment
sports_equipment,Coaching clinics using your equipment
healthy_snacks,A family zone with games and tastings of your healthy snacks
healthy_snacks,Be the official healthy-snack partner for players and fans
healthy_snacks,Sponsor the junior player-of-the-day rewards
food_drink,Be the official hydration and nutrition partner
food_drink,Your own refreshment stands and product sampling
food_drink,A player recovery content series featuring your products
premium_drinks,Be the official premium drinks partner with your own hospitality bar
premium_drinks,A lounge in your name for ticket holders
premium_drinks,Host tasting events for corporate guests
automotive,Be the official vehicle supplier with a player transport fleet in your colours
automotive,A car display and test-drive area for visitors
automotive,A VIP arrival experience for guests in your vehicles
tech,Be the official technology partner powering live stats and scoring
tech,A fan app and second-screen experience built with your technology
tech,A content and highlights hub carrying your brand
local_business,An on-site stand with your local offers and giveaways
local_business,Local community and junior tennis clinics in your name
local_business,Become title partner of a court named after your business
